index,ocn,name,brand
1,,"AT&T COMERCIALIZACION MOVIL, S. DE R.L. DE C.V.",AT&T Mexico
2,,"RADIOMOVIL DIPSA, S.A. DE C.V.",Telcel
3,,"TELEFONOS DE MEXICO, S.A.B. DE C.V.",Telmex
4,,"TELEFONOS DEL NOROESTE, S.A. DE C.V.",Telnor
5,,"PEGASO PCS, S.A. DE C.V.",Movistar
6,,"OPERBES, S.A. DE C.V. (ANTES BESTPHONE, S.A. DE C.V.)",
7,,"CABLEMAS TELECOMUNICACIONES, S.A. DE C.V.",
8,,"ALTCEL, S.A.P.I. DE C.V.",
9,,"TELECOMUNICACIONES 360, S.A. DE C.V.",
10,,"TOTAL PLAY TELECOMUNICACIONES, S.A.P.I. DE C.V.",Totalplay
11,,"CONVERGIA DE MEXICO, S.A. DE C.V.",
12,,"ALTÁN REDES, S.A.P.I. DE C.V.",Altán Redes
13,,"AXTEL, S.A.B. DE C.V. (ANTES AVANTEL, S. DE R.L. DE C.V.)",
14,,"COORDINADORA DE CARRIER’S, S.A. DE C.V.",
15,,"AXTEL, S.A.B. DE C.V.",
16,,"AXTEL, S.A.B. DE C.V. (ANTES ALESTRA)",
17,,"MEGA CABLE, S.A. DE C.V.",
18,,"VINOC, S.A.P.I. DE C.V.",
19,,"MEGANET TELECOMUNICACIONES, S.A. DE C.V.",
20,,"UC TELECOMUNICACIONES, S.A.P.I. DE C.V.",
21,,"COMUNICALO DE MEXICO, S.A. DE C.V.",
22,,"MEGACABLE COMUNICACIONES DE MEXICO, S.A. DE C.V.",
23,,"CELMAX MÓVIL, S.A. DE C.V.",
24,,"MEXICO RED DE TELECOMUNICACIONES, S. DE R.L. DE C.V.",
25,,"IP MATRIX, S.A. DE C.V.",
26,,"FREEDOMPOP MÉXICO, S.A. DE C.V.",
27,,"ALESTRA SERVICIOS MÓVILES, S.A. DE C.V.",
28,,"CLEARCOM COMUNICACIONES, S.A.P.I. DE C.V.",
29,,"TELECOMMERCE ACCES SERVICE, S.A. DE C.V.",
30,,"TELEVISION INTERNACIONAL, S.A. DE C.V.",
31,,"VAMRA COMUNICACIONES, S.A. DE C.V.",
32,,"DIRECTO TELECOM, S.A. DE C.V.",
33,,"INBTEL, S.A. DE C.V.",
34,,"OPERBES, S.A. DE C.V.",
35,,"MBT MÓVIL, S. DE R.L. DE C.V.",
36,,"AGREGADORA DE INTELIGENCIA EN NEGOCIOS TECNOLOGICOS, S.A. DE C.V.",
37,,"VALOR AGREGADO DIGITAL, S.A. DE C.V.",
38,,"COEFICIENTE COMUNICACIONES, S.A. DE C.V.",
39,,"ROBOT COMUNICACIONES, S. DE R.L. DE C.V.",
40,,"DIALOGA GROUP TELECOM, S.A. DE C.V.",
41,,"KUBO CEL, S.A.P.I. DE C.V.",
42,,"ESMERO SOLUTIONS MEXICO, S.A. DE C.V.",
43,,"OXIO MOBILE, S.A. DE C.V.",
44,,"OPENIP COMUNICACIONES, S.A. DE C.V.",
45,,"TELIGENTIA, S.A. DE C.V.",
46,,"FLYNODE DE MÉXICO, S.A. DE C.V.",
47,,"STARSATEL, S.A. DE C.V.",
48,,"ABIX TELECOMUNICACIONES, S.A. DE C.V.",
49,,"CONNECT TELECOM, S. DE R.L. DE C.V.",
50,,"OME TEL, S.A. DE C.V.",
51,,"IBO CELL, S.A.P.I. DE C.V.",
52,,"VIASAT TECNOLOGÍA, S.A. DE C.V.",
53,,"IENTC, S. DE R.L. DE C.V.",
54,,"PLINTRON MÉXICO, S.A. DE C.V.",
55,,"CENTERNEXT CLOUD SERVICES, S.A. DE C.V.",
56,,"SPARKTELECOMM, S.A. DE C.V.",
57,,"SERVNET MEXICO, S.A. DE C.V.",
58,,"IDT TELECOM MÉXICO, S. DE R.L. DE C.V.",
59,,"EL PODER DE INTERNET, S.A. DE C.V.",
60,,"VOZTELECOM LATINOAMERICA, S.A. DE C.V.",
61,,ALEJANDRO PÉREZ MACÍAS,
62,,MIGUEL ANGEL GONZALEZ DOBARGANES,
63,,"NGX NETWORKS, S. DE R.L. DE C.V.",
64,,"SERVICE TRENDS, S.A. DE C.V.",
65,,"CORPORACIÓN NOVAVISIÓN, S. DE R.L. DE C.V.",
66,,"ENTRETENIMIENTO Y TELECOMUNICACIONES, S.A. DE C.V.",
67,,SERVICIOS DE INFRAESTRUCTURA DE RADIOCOMUNICACIÓN Y REDES PRIVADAS DE DATOS HYPERNET,
68,,"PROCOM SERVICIOS INTELIGENTES, S.A. DE C.V.",
69,,"NEXT TELEKOM, S.A.P.I. DE C.V.",
70,,"DIGYNETWORKS SOLUCIONES Y REDES, S.A. DE C.V.",
71,,"INFORMÁTICA ARQUISYSTEMS, S. DE R.L. DE C.V.",
72,,"NEUROTECH DE LA LAGUNA, S.A. DE C.V.",
73,,"LAYER7, S.A.P.I. DE C.V.",
74,,JORGE BASURTO HERNÁNDEZ,
75,,"ADMINISTRADORA DE SERVICIOS DE INTERNET SANDUR, S.A. DE C.V.",
76,,"COMERCIALIZADORA GIRNET, S.A. DE C.V.",
77,,"FOREVERFLOW, S. DE R.L. DE C.V.",
78,,KARLA ALICIA BARRIOS GUZMÁN,
79,,"ASAL COMUNICACIONES, S.A. DE C.V.",
80,,"ARDO DE MÉXICO, S.A.P.I. DE C.V.",
81,,"TALENTO NET, S. DE R.L. DE C.V.",
82,,"YONDER MEDIA MOBILE MÉXICO, S. DE R.L. DE C.V.",
83,,"ANYNESS, S.A.P.I. DE C.V.",
84,,"SERVICIO DE TELECABLE DE HUEJUTLA, S.A. DE C.V.",
85,,"IMPULSORA BALDER, S.A. DE C.V.",
86,,"AJTEL COMUNICACIONES, S. DE R.L. DE C.V.",
87,,"VIRGIN MOBILE MÉXICO, S. DE R.L. DE C.V.",
88,,"TELECOMMERCE INFRAESTRUCTURA TELECOM HOLDING, S.A.P.I. DE C.V.",
89,,"JAPIFON, S.A. DE C.V.",
90,,"DIGITAL COMUNICATIONS DE MÉXICO, S.A. DE C.V.",
91,,"EII TELECOM, S.A. DE C.V.",
92,,"SICLU TELECOM, S.A. DE C.V.",
93,,MARTHA NOEMI ÁVILA URBINA,
94,,"ORANGE BUSINESS SERVICES MÉXICO, S.A. DE C.V.",
95,,"CTI CALL, S.A. DE C.V.",
96,,"AT&T COMUNICACIONES DIGITALES, S. DE R.L. DE C.V.",
97,,"WAL-MART INNOVACIÓN, S. DE R.L. DE C.V.",
98,,"SERVICIOS CELULARES MULTIPAIS, S.A. DE C.V.",
99,,"RLM TSAAY, S.A. DE C.V.",
100,,"TELECO NETWORKS, S. DE R.L. DE C.V.",
101,,"CYBERTECH HERO DE MÉXICO, S. DE R.L. DE C.V.",
102,,"TACTIC TEL, S.A. DE C.V.",
103,,"TELECOMMERCE SERVICIOS ADMINISTRADOS Y TELECOM, S.A. DE C.V.",
104,,"DFSOFT, S.A. DE C.V.",
105,,"ALLCER INNOVACIÓN Y TECNOLOGÍA, S.A. DE C.V.",
106,,"HIP CRICKET DE MÉXICO, S.A. DE C.V.",
107,,IGNACIO SÁNCHEZ GUTIÉRREZ,
108,,"GAZETI, S.A. DE C.V.",
109,,"TELE QUANTUM SOLUTIONS, S.A.S. DE C.V.",
110,,"DIGINOVTEC, S.A. DE C.V.",
111,,"SPEKTRA TELECOM, S.A. DE C.V.",
112,,"INTER CONEXIÓN Y SERVICIOS AVANZADOS DE ALTA TECNOLOGÍA, S.A. DE C.V.",
113,,"TELECO NETWORK, S. DE R.L. DE C.V.",
114,,"VIVA TELECOMUNICACIONES, S.A. DE C.V.",
115,,"SERVICIOS Y PRODUCTOS TECNOLÓGICOS 3G MOTION MÉXICO, S.DE R.L.DE C.V.",
116,,"VIALTERNA COMUNICACIONES, S.A. DE C.V.",
117,,"LINKING CONET, S.A.P.I. DE C.V.",
118,,EDUARDO ZABDIEL ALTAMIRANO JAUREGUI,
119,,"ASTROLINE TELECOM, S.A. DE C.V.",
120,,"PROTEL I-NEXT, S.A. DE C.V.",
121,,"VPN DE MEXICO, S.A. DE C.V.",
122,,"INTERNET POR FIBRA, S.A. DE C.V.",
123,,"TV WEB Y MAS, S.A. DE C.V.",
124,,"CABLETAMPS, S.A. DE C.V.",
125,,"TV REY DE OCCIDENTE, S.A. DE C.V.",
126,,"GRUPO HIDALGUENSE DE DESARROLLO, S.A. DE C.V.",
127,,"TELE FACIL MEXICO, S.A. DE C.V.",
128,,"TELECOMM ATLAS, S.A. DE C.V.",
129,,"QUICKLY PHONE, S.A. DE C.V.",
130,,"NEUS MOBILE, S.A.P.I. DE C.V.",
131,,"KIWI NETWORKS, S.A.P.I. DE C.V.",
132,,"EJA TELECOMM, S. DE R.L.",
133,,"QUALTEL, S.A. DE C.V.",
134,,"BUENAS NOTICIAS, S.A. DE C.V.",
135,,"ALTATA TELECOMUNICACIONES DE MEXICO, S.A.P.I. DE C.V.",
136,,"SIERRA MADRE INTERNET, S.A. DE C.V.",
137,,"SERVICIOS TRONCALIZADOS, S.A. DE C.V.",
138,,"LANTOINTERNET, S.A. DE C.V.",
