ocn,class
# Format: <4-char OCN>,<wireline|wireless|voip|tollfree>
#
# THIS FILE IS THE MAINTENANCE BURDEN OF THE SYSTEM. Everything else is
# static code; this decays as carriers merge and new OCNs are issued.
#
#  1. Never regex over company names. T-Mobile alone sits behind OCNs from
#     Voicestream, MetroPCS and Sprint; name matching misfiles the MVNO tail.
#  2. A missing OCN yields Unknown, not a guess. Abstaining costs one result;
#     guessing wrong costs a customer.
#  3. Classify CLEC and interconnected-VoIP holders as `voip`. Twilio and
#     Bandwidth DIDs are SMS-reachable despite wireline assignment.
#  4. Run `ltbuild -report` after every rebuild; work the unmapped list
#     top-down, it's sorted by how many blocks each missing code costs you.
#
# EXAMPLES ONLY - DELETE BEFORE PRODUCTION
# 6529,wireless
# 6006,wireline
# 7182,voip

# --- verified by hand from the assignment data, most-blocks-first ---
# OCN 6214  NEW CINGULAR WIRELESS PCS, LLC - GA   (AT&T Mobility)   52,061 blocks
6214,wireless
# Format from here down: ocn,class,brand
# The third column is the operator's human-facing name, used for display only.
# It never affects classification. Left blank, the published legal entity is
# shown instead - which is often unrecognisable ("NEW CINGULAR WIRELESS PCS,
# LLC - IL" is AT&T).
6529,wireless,T-Mobile
6534,wireless,AT&T
5562,wireless,Metro by T-Mobile
9329,wireline,AT&T Illinois
6701,wireless,T-Mobile
9321,wireline,AT&T Ohio
899D,wireless,Metro by T-Mobile
6846,wireless,T-Mobile
6010,wireless,AT&T
6567,wireless,Verizon
9419,wireline,AT&T Southeast
6827,wireless,Verizon
6506,wireless,Verizon
0695,wireline,Frontier
6502,wireless,Verizon
9533,wireline,AT&T Southwest
6324,wireless,Verizon
9636,wireline,CenturyLink
6574,wireless,Bell Mobility
8051,wireline,Bell Canada
5643,wireless,Fido
5111,wireline,Consolidated Communications

# --- from localcallingguide.com LERG carrier category, via cmd/ocnprobe ---
# I=ILEC->wireline  W=Wireless->wireless  C=CLEC->voip (SMS-reachable, rule 3)
9740,wireline
4036,wireless
829J,voip
9417,wireline
624H,wireless
6006,wireless
9104,wireline
318J,voip
649C,voip
8821,wireless
154E,voip
7229,voip
6630,voip
903C,voip
464D,voip
6622,wireless
073H,voip
9631,wireline
9208,wireline
9206,wireline
145J,voip
6889,wireless
9102,wireline
8303,wireless
9323,wireline
793K,voip
981E,voip
6959,wireless
937C,voip
6025,wireless
9638,wireline
939H,voip
384C,voip
508J,voip
515J,voip
8050,wireline
8086,wireline
8084,wireline
516J,voip
547E,voip
6623,wireless,T-Mobile

# --- LERG carrier category via cmd/ocnprobe, 2026-08-03 ---
# I=ILEC->wireline  W=Wireless->wireless  C=CLEC->voip (SMS-reachable, rule 3)
8645,wireless
2964,wireless
224C,voip
6855,wireless
9212,wireline
6003,wireless
9213,wireline
6392,wireless
965H,voip
081E,voip
2319,wireline
4727,voip
464C,voip
6333,wireless
6540,wireless
9748,wireless
2782,voip
8306,voip
8826,voip
8301,wireless
067D,voip
004F,voip
7473,wireless
792K,voip
638E,voip
543C,voip
997E,voip
9147,wireline
6391,wireless
9325,wireline
516C,voip
637C,voip
0328,wireline
9327,wireline
6626,wireless
982E,voip
093F,voip
490J,wireless
097D,voip
6114,voip
6387,wireless
2243,voip
743B,voip
138E,voip
671J,voip
8091,wireline
6673,wireless
6572,wireless
892D,voip
4878,voip
497E,voip
604E,voip
184D,voip
4344,wireline
812H,voip
6725,wireless
5812,wireless
525E,voip
082E,voip
896E,voip
8088,wireline
5816,wireless
483E,voip
6623,wireless
225C,voip
321J,voip
612K,voip
6115,voip
0341,wireline
4006,voip
0470,wireline
6398,wireless
6395,wireless
876D,voip
026D,voip
373F,voip
749E,voip
6804,wireless
4007,voip
3806,voip
4802,voip
001F,voip
9211,wireline
2933,voip
5814,wireless
6508,wireless
8089,wireline
630E,voip
221F,voip
160G,voip
329A,wireless
983E,voip
9868,wireless
8085,wireline
984E,voip
998E,voip
328F,wireless
9348,wireline
817J,voip
8083,wireline
3100,wireline
002F,voip
409F,voip
548E,voip
750E,voip
8304,voip
4863,voip
118F,voip
0615,wireline
8090,wireline
4290,wireless
0661,wireline
719E,voip
6570,wireless
5820,wireless
394L,voip
3201,wireline
548H,voip
197D,voip
205F,voip
6388,wireless
079F,voip
2348,wireline
1015,wireline
990E,voip
0772,wireline
029F,voip
6120,voip
639J,wireless
991E,voip
6505,wireless
6500,wireless
6274,wireless
348F,voip
4324,wireline
6571,wireless
5807,wireless
5113,wireline
083E,voip
150C,wireless
6386,wireless
639C,voip
787G,voip
383F,wireless
7133,voip
8377,voip
4018,voip
871E,voip
124F,voip
4804,voip
6805,wireless
6532,wireless
6266,wireless
045L,voip
732J,voip
383H,voip
9214,wireline
7476,wireless
7472,wireless
4823,wireless
071F,voip
4932,voip
549E,voip
105F,voip
9690,wireline
3235,voip
2593,voip
7136,voip
7421,voip
8239,wireline
6573,wireless
078G,voip
365C,wireless
6116,voip
177F,voip
9262,voip
7140,voip
689F,voip
8300,voip
993E,voip
0121,wireline
7240,voip
8825,voip
221K,voip
4803,voip
072F,voip
155E,voip
460K,voip
6624,wireless
4332,wireline
6565,wireless
6458,wireless
6121,voip
7475,wireless
1163,wireline
5489,voip
9210,wireline
7145,voip
206F,voip
449F,voip
7138,voip
0233,wireline
078F,voip
992E,voip
153F,voip
247F,voip
593K,voip
7474,wireless
0340,wireline
5813,wireless
7139,voip
980E,voip
6564,wireless
1181,wireline
6396,wireless
007F,voip
280H,voip
6581,wireless
6916,wireless
1568,wireline
984C,voip
6118,voip
4323,wireline
7126,voip
0169,wireline
4369,voip
991B,wireless
7148,voip
5115,wireline
902E,voip
5256,voip
077F,voip
4806,voip
818H,voip
495J,voip
967E,voip
0051,wireless
7448,voip
5278,voip
0254,wireline
587F,voip
8092,wireline
063E,voip
6272,wireless
8392,voip
076F,voip
0096,wireline
6568,wireless
6569,wireless
7279,voip
6119,voip
700J,voip
5257,voip
0176,wireline
6548,wireless
7135,voip
119F,voip
0209,wireline
0886,wireline
7516,voip
1123,wireline
1811,wireline
8664,voip
9742,wireline
506J,voip
7670,voip
7835,voip
883K,voip
264F,voip
5179,voip
770E,voip
199F,voip
3285,voip
6872,wireless
013B,wireless
1183,wireline
453F,voip
551G,voip
0471,wireline
7532,voip
284F,voip
2550,voip
478J,voip
7146,voip
7217,voip
0832,wireline
4334,wireline
6282,wireless
9787,wireline
7443,voip
1691,wireline
7718,voip
2240,voip
1178,wireline
6402,wireless
4420,wireline
1167,wireline
7196,voip
0270,wireline
7435,voip
114F,voip
5255,voip
075F,voip
0161,wireline
6265,wireless
2114,wireline
2018,wireline
451F,voip
5178,voip
425J,wireless
986E,voip
7836,voip
969E,voip
117F,voip
571G,voip
114J,voip
268F,voip
839J,voip
6967,wireless
8820,wireless
3535,voip
5832,voip
4510,wireline
933G,voip
6516,wireless
3232,voip
421G,wireless
8305,wireless
7529,voip
987E,voip
7378,voip
3234,voip
196F,voip
282E,voip
3030,wireline
7434,voip
5258,voip
6393,wireless
1885,wireline
1810,wireline
2084,wireline
8226,voip
201A,voip
275G,voip
7142,voip
450F,voip
7432,voip
8389,voip
850D,voip
1151,wireline
818D,voip
1577,wireline
120F,voip
7894,voip
3000,wireline
006F,voip
6744,wireless
7635,voip
7216,voip
080F,voip
520K,voip
0666,wireline
7173,voip
0779,wireline
977E,voip
846F,voip
9877,voip
0434,wireline
225F,voip
4335,wireline
575G,voip
7309,voip
0476,wireline
9788,wireline
1456,wireline
622J,voip
7315,voip
985E,voip
7715,voip
909E,voip
498E,voip
346J,wireless
6566,wireless
3023,wireline
7218,voip
482F,voip
074F,voip
1215,voip
0132,voip
452F,voip
7785,voip
6394,wireless
4800,voip
162G,voip
9691,wireline
123F,voip
2408,wireline
7314,voip
6906,wireless
2185,wireline
9450,voip
1142,wireline
568G,voip
751F,voip
3233,voip
6692,wireless
7172,voip
7460,voip
2147,wireline
6283,wireless
4644,voip
141F,voip
6284,wireless
6389,wireless
8406,voip
2109,wireline
6291,wireless
7074,voip
1367,wireline
1888,wireline
1144,wireline
719F,voip
1036,wireline
4425,wireline
7134,voip
3065,voip
824J,voip
6083,voip
7513,voip
7977,voip
8320,voip
9789,wireline
1826,wireline
7239,voip
0138,wireline
843D,voip
1037,wireline
4805,voip
4948,voip
139J,voip
116F,voip
6940,wireless
995E,voip
6275,wireless
350F,voip
382G,voip
1165,wireline
3147,voip
6263,wireless
6390,wireless
365J,wireless
443F,voip
1842,wireline
4095,voip
1170,wireline
646F,wireless
0474,wireline
1128,wireline
384H,voip
0336,wireline
192F,voip
0665,wireline
961J,voip
7228,voip
7530,voip
3800,wireline
8228,wireline
940G,voip
995D,voip
6921,wireless
2360,wireline
159F,voip
279F,voip
616J,voip
8405,voip
8473,voip
2308,wireline
7143,voip
1965,wireline
8468,voip
6874,wireless
454F,voip
480F,voip
7176,voip
7726,voip
278F,voip
005F,voip
597F,voip
6349,wireless
0506,wireline
210H,voip
539F,voip
7157,voip
7379,voip
6820,wireless
1127,wireline
7325,voip
955G,voip
4520,wireline
5727,voip
7175,voip
387C,wireless
7144,voip
7147,voip
579F,voip
3231,voip
3303,wireline
7076,voip
073F,voip
052G,voip
4146,wireless
087D,wireless
1611,wireline
227F,voip
4017,voip
4511,wireline
544H,voip
802C,voip
7249,voip
1193,wireline
2247,wireline
1818,wireline
7656,voip
8271,voip
653C,voip
1659,wireline
1680,wireline
2154,wireline
382D,voip
1057,wireline
530C,voip
1159,wireline
8407,voip
2153,wireline
6695,wireless
7970,voip
6278,wireless
0491,wireline
098H,voip
7230,voip
8702,voip
046L,voip
4423,wireline
9784,wireline
1651,wireline
2016,wireline
4521,wireline
7440,voip
1630,wireline
2817,voip
1991,voip
018H,voip
0357,wireline
6290,wireless
7558,voip
1784,voip
481F,voip
9944,voip
6117,voip
4321,wireline
4429,wireline
7238,voip
6563,wireless
977K,voip
048G,voip
3015,wireline
0298,wireline
444G,voip
5470,voip
0386,wireline
0520,wireline
1177,wireline
1447,wireline
2262,wireline
6795,wireless
367E,voip
0509,wireline
107F,voip
1155,wireline
5833,voip
003F,voip
0291,wireline
1632,wireline
4139,voip
8506,voip
8434,voip
122D,wireless
2286,wireline
4336,wireline
7465,voip
2255,wireline
2334,wireline
095A,voip
635C,voip
0702,wireline
213C,voip
325E,voip
7480,voip
6591,wireless
817D,voip
1445,wireline
2257,wireline
2246,wireline
707H,voip
283E,voip
9415,voip
5447,voip
0922,wireline
142C,voip
2704,voip
0528,wireline
4413,wireline
8995,voip
1395,wireline
4913,voip
598J,voip
0924,wireline
6270,wireless
7531,voip
429A,voip
476F,voip
422C,voip
8094,wireline
4016,voip
193E,voip
7858,voip
2083,wireline
475J,voip
6267,wireless
7128,voip
2891,voip
139F,wireless
1607,wireline
1686,wireline
316E,voip
7555,voip
4809,voip
3639,voip
319D,voip
559F,voip
0575,wireline
4449,wireline
637E,voip
7060,voip
3583,voip
4979,voip
6123,voip
693K,voip
709G,voip
811D,voip
1817,wireline
0193,wireline
2235,wireline
4156,voip
458C,voip
2068,wireline
527H,voip
1576,wireline
0630,wireline
2094,voip
309B,voip
433E,voip
7615,voip
8839,voip
024E,voip
1337,wireline
1574,wireline
3533,wireless
8297,voip
8667,voip
0579,wireline
594D,voip
7490,voip
7552,voip
7778,voip
1788,wireline
3316,wireline
3915,voip
507J,voip
4950,voip
7593,voip
081F,voip
8054,voip
1000,wireline
3017,wireline
318C,voip
3410,wireline
8237,wireline
1840,wireline
452J,wireless
7258,voip
7556,voip
2172,wireline
0553,wireline
994E,voip
9759,wireless
7594,voip
1505,wireline
1604,wireline
1777,wireline
325B,voip
468B,wireless
6628,wireless
0421,wireline
545B,voip
1255,voip
907K,voip
158H,voip
2251,wireline
148G,wireless
716D,voip
1864,wireline
7650,voip
0059,wireless
1625,wireline
2052,wireline
2159,wireline
3300,wireline
4801,voip
6919,wireless
208D,voip
106F,voip
4117,voip
7263,voip
0100,wireline
0109,wireline
1164,wireline
4814,voip
0162,wireline
7619,voip
8534,voip
0818,wireline
983F,voip
004G,voip
6261,wireless
0024,wireline
281E,voip
9413,voip
0517,wireline
1328,wireline
1785,wireline
2046,wireline
2143,wireline
2297,wireline
3685,wireless
638J,wireless
8597,voip
135H,voip
473G,voip
276F,voip
781F,voip
0454,wireline
698E,wireless
7517,voip
035H,voip
0418,wireline
925H,voip
2072,wireline
0895,wireline
401D,wireless
0356,wireline
0501,wireline
0732,wireline
2086,wireline
2131,wireline
2176,wireline
2226,wireline
2393,wireline
3467,voip
3700,wireline
4530,wireline
4645,voip
7024,voip
0542,wireline
4768,voip
5312,voip
7591,voip
1532,wireline
2249,wireline
4114,voip
7327,voip
8697,voip
0472,wireline
0681,wireline
157F,voip
4426,wireline
0170,wireline
349F,voip
7322,voip
9416,voip
3454,wireless
408F,voip
489F,voip
766H,voip
0597,wireline
138D,voip
014E,voip
1054,wireline
1260,wireline
1345,wireline
1664,wireline
1914,wireline
2039,wireline
3332,wireline
346G,voip
3945,wireless
8254,voip
8764,voip
1931,wireline
2030,wireline
2141,wireline
2151,wireline
835E,voip
0483,wireline
1451,wireline
0446,wireline
1833,wireline
2354,wireline
7351,voip
7274,voip
7488,voip
6271,wireless
7816,voip
999E,voip
3022,wireline
4417,wireline
7455,voip
7457,voip
776A,voip
7865,voip
4046,voip
705F,voip
7783,voip
9726,voip
0562,wireline
0860,wireline
0976,wireline
1746,wireline
1772,wireless
1839,wireline
2011,wireline
2287,wireline
3016,wireline
3922,voip
4611,wireline
8202,wireline
1385,wireline
1890,wireline
511C,voip
7353,voip
999H,voip
0106,wireline
0881,wireline
1143,wireline
181D,voip
2130,wireline
3027,wireline
534J,voip
091J,voip
1297,wireline
476H,voip
526H,voip
7451,voip
8344,voip
0398,wireline
587C,voip
784E,voip
874F,voip
003J,voip
2776,voip
5932,wireless
882G,voip
3310,wireline
3622,voip
0429,wireline
0523,wireline
1047,wireline
1298,wireline
3019,wireline
4255,voip
4260,wireless
459H,voip
4721,wireless
7989,voip
9671,wireless
1780,wireline
1988,wireline
9915,voip
077G,voip
2213,wireline
377H,voip
0173,voip
0226,wireline
0956,wireline
7459,voip
7857,voip
1109,wireline
1762,voip
473F,voip
0950,wireline
400E,voip
4866,voip
4886,voip
0165,wireline
1706,voip
330D,voip
482E,voip
0069,wireline
0084,wireline
0571,wireline
0713,wireline
1985,wireline
2090,wireline
2140,wireline
2233,wireline
3704,voip
4427,wireline
6145,voip
6833,wireless
919F,voip
0371,wireline
2296,wireline
2395,wireline
383J,voip
235C,wireless
3008,wireline
3964,voip
663D,voip
205D,voip
4450,wireline
9133,voip
0581,wireline
4366,voip
1917,wireline
511K,voip
9414,voip
4337,wireline
0377,wireline
0565,wireline
0974,wireline
1401,wireline
1472,wireline
1616,wireline
1670,wireline
1676,wireline
1689,wireline
1726,wireline
1827,wireline
1841,wireline
1979,wireline
1982,wireline
2041,wireline
2112,wireline
2168,wireline
2186,wireline
2371,wireline
3001,wireline
3004,wireline
6810,wireless
9264,voip
1373,wireline
2250,wireline
3011,wireline
450C,voip
0306,wireline
0671,wireline
1835,wireline
5180,voip
631G,voip
744H,voip
0502,wireline
0573,wireline
4421,wireline
661D,voip
0314,wireline
0503,wireline
2896,voip
7278,voip
7469,voip
0250,wireline
0468,wireline
1555,wireline
252F,voip
583C,voip
8299,voip
985G,voip
0302,wireline
7260,voip
9827,voip
0511,wireline
0527,wireline
0870,wireline
1984,wireline
665H,voip
0078,wireline
0201,wireline
0425,wireline
0649,wireline
087H,voip
1025,wireline
1088,wireline
1168,wireline
1460,wireless
1631,wireline
1652,wireline
1685,wireline
1831,wireline
1980,wireline
2014,wireline
2166,wireline
4256,voip
4632,voip
8221,wireline
920D,voip
9324,voip
0841,wireline
1346,wireline
1475,wireline
2171,wireline
2268,wireline
4630,voip
489J,wireless
7391,voip
0963,wireline
1427,wireline
7277,voip
1711,wireline
1375,wireline
1443,wireline
1882,wireline
258F,voip
7973,voip
947G,voip
0546,wireline
1484,wireless
2412,wireline
7174,voip
7310,voip
937F,voip
0330,wireline
443B,wireless
4574,voip
629E,voip
7777,voip
155F,voip
7830,voip
7849,voip
8249,voip
0191,wireline
0381,wireline
0406,wireline
0433,wireline
0496,wireline
0689,wireline
0966,wireline
0971,wireline
1026,wireline
117H,voip
1187,wireline
1610,wireline
1660,wireline
1669,wireline
1674,wireline
1678,wireline
1712,wireline
1722,wireline
1724,wireline
1820,wireline
2272,wireline
2332,wireline
2338,wireline
2351,wireline
3021,wireline
346D,wireless
3900,wireline
4164,voip
4720,wireless
6530,wireless
6739,wireless
6858,wireless
6871,wireless
6996,wireless
920F,voip
988H,voip
009G,voip
0531,wireline
0964,wireline
1734,wireline
1759,wireline
2060,wireline
477H,voip
7158,voip
3331,wireline
4464,wireline
7511,voip
928H,voip
9714,voip
125L,voip
218H,voip
7537,voip
0127,voip
1430,wireline
7770,voip
0516,wireline
350E,voip
4930,voip
7464,voip
0913,wireline
3314,wireline
752H,voip
0290,wireline
2170,wireline
2214,wireline
936F,voip
0577,wireline
0753,wireline
2452,wireline
294G,voip
314C,voip
5237,voip
641H,voip
678B,voip
826H,voip
996H,voip
0151,wireline
4263,voip
4724,voip
9161,voip
0135,wireline
0248,wireline
0280,wireline
0283,wireline
0304,wireline
0360,wireline
0379,wireline
0401,wireline
0414,wireline
0538,wireline
0550,wireline
1003,wireline
1024,wireline
1259,wireline
1390,wireline
1405,wireline
1491,wireline
1516,wireline
1636,wireline
174A,wireless
1849,wireline
1977,wireline
2070,wireline
2116,wireline
2179,wireline
2199,wireline
2270,wireline
2278,wireline
2339,wireline
2389,wireline
271G,voip
3006,wireline
3304,wireline
3459,voip
4612,wireline
5494,voip
6483,wireless
6756,wireless
6800,wireless
6801,wireless
6933,wireless
735E,voip
7893,voip
8205,wireline
9786,wireline
993L,voip
1542,wireline
1901,wireline
4548,wireless
6718,wireless
0168,wireline
036B,voip
0536,wireline
0640,voip
1358,wireline
1414,wireline
2091,wireline
3229,voip
423H,voip
6289,wireless
704G,voip
0396,wireline
3402,wireline
5205,voip
777B,voip
1055,wireline
128L,voip
9472,voip
1334,wireline
193C,voip
801D,voip
808G,voip
925C,voip
0380,wireline
587A,wireline
7273,voip
1038,wireline
485E,voip
0402,wireline
4227,voip
7021,voip
7632,voip
773F,voip
0064,wireline
0093,wireline
0267,wireline
0338,wireline
0348,wireline
0387,wireline
0394,wireline
0411,wireline
0419,wireline
0473,wireline
0512,wireline
0521,wireline
0539,wireline
0717,wireline
0775,wireline
0960,wireline
1319,wireline
1331,wireline
1450,wireline
1713,wireline
1718,wireline
1761,wireline
1847,wireline
1995,wireline
2013,wireline
2017,wireline
2022,wireline
2057,wireline
2059,wireline
2061,wireline
2071,wireline
2097,wireline
2135,wireline
2227,wireline
2231,wireline
2248,wireline
2277,wireline
2353,wireline
266G,voip
3003,wireline
3334,wireline
3798,voip
387E,wireless
630G,wireless
647F,voip
7220,voip
8218,wireline
8229,wireline
8245,wireline
8257,voip
8293,voip
8960,voip
0578,wireline
0807,wireline
0861,wireline
2295,wireline
4121,voip
525G,voip
732H,voip
7586,voip
0249,wireline
5672,voip
8526,voip
0045,wireline
0284,wireline
0559,wireline
1106,wireline
2423,wireline
881G,voip
0351,wireline
0859,wireline
1433,wireline
2987,voip
705G,voip
7091,voip
7637,voip
0526,wireline
1729,wireline
2299,wireline
260H,voip
781K,voip
7998,voip
0445,voip
1227,voip
2274,wireline
2309,voip
2842,voip
3401,wireline
580H,voip
7589,voip
7870,wireless
828B,voip
831C,voip
970H,voip
0015,wireline
0019,wireline
026K,voip
0917,wireline
204G,voip
458G,voip
5385,voip
3275,voip
3311,wireline
601G,voip
6944,voip
904D,voip
0364,wireline
0413,wireline
2623,voip
4531,wireline
579H,voip
7103,voip
951G,voip
0196,wireline
0225,wireline
0238,wireline
0378,wireline
0432,wireline
0441,wireline
0458,wireline
0480,wireline
0510,wireline
0554,wireline
055H,voip
0570,wireline
0685,wireline
0759,wireline
0800,wireline
0942,wireline
1016,wireline
1049,wireline
1115,wireline
1129,wireline
1174,wireline
1190,wireline
1237,wireline
124L,voip
1482,wireline
1483,wireline
1501,wireline
1510,wireline
1537,wireline
1557,wireline
1642,wireline
1647,wireline
1657,wireline
1677,wireline
1683,wireline
1709,wireline
1782,wireline
1807,wireline
1874,wireline
1927,wireline
2020,wireline
2023,wireline
206A,voip
2193,wireline
2215,wireline
2254,wireline
2264,wireline
2283,wireline
2288,wireline
2321,wireline
2612,wireless
277E,voip
2985,voip
3620,voip
4253,voip
4974,wireless
667C,voip
6771,wireless
8210,wireline
8216,wireline
940D,voip
0089,wireline
2025,wireline
2522,voip
3196,voip
581H,voip
809H,voip
0704,wireline
1350,wireline
1356,wireline
1540,wireline
275F,voip
7590,voip
927H,voip
1525,wireline
1530,wireline
4492,voip
7534,voip
993B,voip
995H,voip
0025,wireline
0914,wireline
1226,voip
330B,voip
4857,voip
578H,voip
7769,voip
8661,voip
0346,wireline
1479,wireline
250A,voip
8168,voip
8832,voip
9003,voip
9145,voip
075A,voip
0930,wireline
156C,voip
6183,voip
7376,voip
8615,voip
0375,wireline
228C,voip
268A,voip
7264,voip
914F,voip
0049,wireline
695G,voip
863F,wireline
879G,voip
012E,voip
0909,wireline
5018,voip
5307,voip
7809,voip
0039,wireline
0071,wireline
0091,wireline
0105,wireline
0110,wireline
0128,wireline
0244,wireline
0277,wireline
0295,wireline
0315,wireline
0322,wireline
0355,wireline
0376,wireline
038E,voip
0395,wireline
0408,wireline
0415,wireline
0426,wireline
0438,wireline
0447,wireline
0455,wireline
0497,wireline
0594,wireline
0659,wireline
0675,wireline
0676,wireline
0703,wireline
0721,wireline
0902,wireline
0908,wireline
0934,wireline
0955,wireline
0962,wireline
0984,wireline
1058,wireline
1133,wireline
1139,wireline
1172,wireline
1173,wireline
1195,wireline
1225,wireline
1261,wireline
1282,wireline
128J,voip
1291,wireline
1338,wireline
1389,wireline
1396,wireline
1431,wireline
1650,wireline
1692,wireline
1702,wireline
1778,wireline
1845,wireline
1866,wireline
1941,wireless
1945,wireline
1949,wireline
1969,wireline
2107,wireline
2134,wireline
2200,wireline
2208,wireline
2209,wireline
2218,wireline
2222,wireline
2252,wireline
2291,wireline
2311,wireline
2343,wireline
2349,wireline
2390,wireline
2392,wireline
2453,wireline
3112,voip
368E,voip
3726,voip
4057,wireless
405E,voip
4169,voip
427K,voip
438D,voip
4401,wireline
4433,wireline
4434,wireline
4451,wireline
452G,voip
4586,voip
4850,wireless
517K,voip
598B,wireline
6597,wireless
692G,voip
753A,voip
785G,wireline
8203,wireline
8240,wireline
8692,voip
909H,wireless
996E,voip
0918,wireline
1440,wireline
1615,wireline
1812,wireline
2221,wireline
2232,wireline
2322,wireline
340D,wireless
352E,voip
4300,wireline
669D,voip
733J,voip
7720,voip
860F,voip
964H,voip
9807,voip
0347,wireline
0552,wireline
0819,wireline
1065,wireline
187G,voip
2184,wireline
600F,voip
6125,voip
791D,voip
0007,wireline
0149,wireline
0776,wireline
1247,wireline
1900,wireline
2315,wireline
2427,wireline
3301,wireline
3453,voip
423C,voip
478H,voip
544A,voip
0453,wireline
0920,wireline
0938,wireline
3315,wireline
342F,voip
356H,wireless
362B,voip
4042,voip
465H,voip
7014,voip
9572,wireless
0172,voip
0557,wireline
0583,wireline
0970,wireline
1477,wireless
179J,voip
2220,wireline
588H,voip
5910,voip
669B,voip
724J,voip
986F,voip
1524,wireline
3320,wireline
0880,wireline
147L,voip
197H,voip
2422,wireline
2475,voip
3816,voip
657B,voip
7487,voip
771G,voip
9539,voip
091H,voip
1442,wireline
220C,voip
2344,wireline
3699,voip
3924,voip
562E,voip
588F,wireless
783E,voip
925G,voip
0072,wireline
0485,wireline
068F,voip
0844,wireline
2629,voip
340E,wireline
480D,voip
558A,voip
885E,voip
9882,voip
0034,wireline
0047,wireline
0065,voip
0073,wireline
0077,wireline
0079,wireline
0131,wireline
0175,wireline
0237,wireline
0299,wireline
0305,wireline
0308,wireline
0335,wireline
0354,wireline
0358,wireline
0368,wireline
0369,wireline
0382,wireline
0389,wireline
0430,wireline
0505,wireline
0590,wireline
0606,wireline
0658,wireline
0669,wireline
0711,wireline
0825,wireline
0831,wireline
0842,wireline
0843,wireline
0846,wireline
0863,wireline
0868,wireline
0879,wireline
0936,wireline
0937,wireline
0983,wireline
1029,wireline
1053,wireline
1094,wireline
1112,wireline
1125,wireline
1156,wireline
1189,wireline
1209,wireline
1217,wireline
1230,wireline
1251,wireline
1262,wireline
1301,wireline
1347,wireline
1391,wireline
1406,wireline
1408,wireline
1409,wireline
1410,wireline
1412,wireline
1424,wireline
1439,wireline
1449,wireline
1562,wireline
1640,wireline
1654,wireline
1698,wireline
1781,wireline
1816,wireline
1865,wireline
1942,wireline
1966,wireline
1981,wireline
2006,wireline
2032,wireline
2040,wireline
2076,wireline
2093,wireline
2103,wireline
2173,wireline
2190,wireline
2203,wireline
2263,wireline
2265,wireline
2313,wireline
2324,wireline
2342,wireline
2356,wireline
2362,wireline
2455,wireline
280D,wireline
3002,wireline
3013,wireline
3018,wireline
3025,wireline
3028,wireline
4092,voip
4245,voip
4352,voip
4837,voip
5872,voip
6292,wireless
6354,wireless
663G,voip
6747,wireless
6830,wireless
6907,wireless
692E,voip
6991,wireless
7008,voip
7010,voip
8082,wireline
815D,wireline
8204,wireline
8214,wireline
8227,wireline
8231,wireline
8242,wireline
847G,voip
8625,voip
870F,voip
8858,voip
8953,voip
895D,voip
917G,voip
954H,voip
972G,voip
0344,wireline
0460,wireline
0607,wireline
0701,voip
1050,wireline
154C,voip
1912,wireline
288B,voip
3312,wireline
413F,voip
4222,voip
947D,voip
955F,wireless
0027,wireline
0286,wireline
0830,wireline
1727,wireline
2101,wireline
2430,wireline
345D,wireless
4419,wireline
5972,voip
7551,voip
768C,voip
0107,wireline
0122,wireline
0192,wireline
0311,wireline
0576,wireline
2010,wireline
2418,wireline
327E,voip
363E,voip
742J,voip
771A,voip
774D,voip
7820,voip
0020,wireline
075L,voip
0952,wireline
1061,wireline
1384,wireline
138G,voip
1721,wireline
211D,voip
243H,voip
3139,voip
360H,voip
375F,voip
660C,voip
718D,voip
826F,voip
866H,voip
892E,voip
8958,voip
9736,voip
0029,wireline
010H,voip
0219,wireline
0448,wireline
0574,wireline
0931,wireline
105J,voip
1248,wireline
183D,voip
2404,wireline
2556,voip
258E,voip
2596,voip
259E,voip
2771,voip
2836,voip
467E,voip
4967,voip
5367,voip
6100,voip
632K,voip
7399,voip
7466,voip
7991,wireline
842E,voip
9002,voip
0011,wireline
0183,wireline
0463,wireline
0561,wireline
0738,wireline
0769,voip
1362,wireline
231C,voip
292D,voip
3955,voip
663H,voip
742D,voip
765A,voip
765H,voip
772G,voip
8831,voip
9412,voip
982H,voip
997C,voip
0004,wireline
0672,wireline
0954,wireline
1413,wireline
1701,voip
363H,voip
434F,wireless
436J,voip
4650,voip
517G,voip
5584,voip
5942,voip
712C,voip
7221,voip
7520,voip
0944,wireline
2765,voip
3610,voip
4465,wireline
6102,voip
7458,voip
938F,voip
945H,voip
9627,voip
973E,voip
0058,wireline
0726,wireline
0866,wireline
1997,voip
2230,wireline
300C,voip
3185,voip
3881,voip
4084,voip
4153,voip
429J,voip
4855,voip
5556,voip
5564,wireless
557H,voip
6161,voip
7541,voip
832J,voip
0022,wireline
0081,wireline
0088,wireline
0099,wireline
0108,wireline
0111,wireline
0112,wireline
0125,wireline
0129,wireline
0156,wireline
015L,voip
016G,wireless
0179,wireline
0185,wireline
0204,wireline
0243,wireline
0259,wireline
0282,wireline
0294,wireline
0300,wireline
0312,wireline
0362,wireline
0435,wireline
0466,wireline
0515,wireline
0589,wireline
0644,wireline
0650,wireline
0751,wireline
0797,wireline
0813,wireline
0815,wireline
0889,wireline
0896,wireline
0899,wireline
0900,wireline
0973,wireline
0978,wireline
1009,wireline
1011,wireline
1043,wireline
1067,wireline
1085,wireless
1091,wireline
1105,wireline
1118,wireline
1137,wireline
1152,wireline
1157,wireline
1160,wireline
1162,wireline
1205,wireline
1206,wireline
1213,wireline
1220,wireline
1229,wireline
1239,wireline
1246,wireline
1264,wireline
1271,wireline
1276,wireline
1285,wireline
1292,wireline
1293,wireline
1303,wireline
1327,wireline
1332,wireline
1335,wireline
1344,wireline
1370,wireline
1374,wireline
1404,wireline
1421,wireline
1426,wireline
144E,voip
1454,wireline
1485,wireline
1495,wireline
1502,wireline
1509,wireline
150G,voip
1519,voip
1526,wireline
1536,wireline
1553,wireline
1567,wireline
158J,wireless
1597,wireline
1622,wireline
1668,wireline
1684,wireline
1697,wireline
1704,wireline
1710,wireline
1733,wireline
1764,wireline
1801,wireline
1808,wireline
1829,wireline
1893,wireline
1908,wireline
1929,wireline
1932,wireline
1974,wireline
1976,wireline
1994,wireline
2043,wireline
2181,wireline
2182,wireline
2196,wireline
2242,wireline
2244,wireline
2259,wireline
2282,wireline
2290,wireline
2301,wireline
2346,wireline
2376,wireline
2383,wireline
2399,wireline
2437,wireline
2446,wireline
2554,voip
2709,wireless
2737,voip
2801,voip
280E,voip
317C,voip
3282,voip
332E,voip
335E,voip
374F,wireless
3866,wireless
4001,wireline
4002,wireline
410J,wireless
4189,voip
424F,voip
4276,wireless
440G,voip
448K,voip
4602,voip
460J,wireless
4725,voip
5014,wireless
5632,voip
577F,voip
587B,voip
6155,wireless
645C,voip
6617,wireless
6734,wireless
683C,voip
6840,wireless
6880,wireless
6882,wireless
6885,wireless
693G,voip
717G,wireless
7199,voip
747C,wireline
7674,voip
769F,voip
8206,wireline
8211,wireline
8213,wireline
8215,wireline
8225,wireline
8294,voip
840F,voip
8705,wireless
897F,voip
972C,voip
0003,wireline
0194,wireline
0317,wireline
035B,voip
048L,voip
0544,wireline
0744,wireline
0945,wireline
1132,wireline
1310,wireline
1886,wireline
2105,wireline
2225,wireline
279E,voip
3880,voip
4322,wireline
478A,voip
530H,voip
707G,voip
774B,voip
841E,voip
9231,voip
0688,wireline
0747,wireline
129J,voip
1453,wireline
1586,wireline
1887,wireline
2431,wireline
2451,wireline
509B,voip
520F,voip
7521,voip
8105,voip
847H,voip
916A,voip
9245,voip
959G,voip
989H,voip
0705,wireline
0809,wireline
0968,wireline
1517,wireline
1581,wireline
1591,wireline
181J,voip
346F,voip
3840,voip
414E,voip
458H,voip
466E,voip
470G,voip
472K,voip
506H,voip
7215,voip
7341,voip
782H,voip
787D,voip
806K,voip
8614,voip
863A,voip
0915,wireline
0943,wireline
1126,wireline
2204,wireline
240H,voip
2741,voip
3029,wireline
428H,voip
469A,voip
482J,voip
489H,voip
509K,voip
569G,voip
573F,voip
588A,voip
6103,voip
619J,wireline
636D,voip
819C,voip
8340,voip
8870,voip
890G,voip
8933,voip
8943,voip
0010,wireline
009E,voip
047G,voip
053L,voip
1073,wireline
2187,wireline
2564,voip
287G,voip
361H,voip
3849,voip
4704,voip
5418,voip
591C,voip
683G,voip
703H,voip
7299,voip
739D,wireline
746D,voip
813C,voip
817C,voip
022G,voip
0691,wireline
081J,voip
0905,wireline
1563,wireline
229H,voip
253F,voip
360E,voip
366E,voip
380F,voip
4438,wireline
455H,voip
460D,voip
5159,voip
5201,voip
5344,voip
5395,voip
609F,voip
679E,voip
769H,voip
841C,voip
907D,voip
9872,voip
0104,wireline
0133,wireline
084J,voip
0951,wireline
1386,wireline
204A,voip
3043,voip
313C,voip
4733,voip
512F,voip
597J,voip
710A,voip
7262,voip
7454,voip
8012,voip
809C,voip
857F,voip
8830,voip
912E,voip
932E,voip
932G,voip
961E,wireline
0152,wireline
0301,wireline
0551,wireline
0677,wireline
0760,voip
152H,voip
193F,voip
208K,voip
3268,voip
342H,voip
403H,voip
408G,wireline
421C,voip
432J,voip
453J,voip
454H,voip
461J,voip
717E,voip
722G,voip
743G,voip
744G,voip
756G,voip
757D,voip
760J,voip
772H,voip
8253,voip
831J,voip
841H,voip
852B,voip
8693,voip
898E,voip
984D,voip
0061,wireline
0092,wireline
0118,wireline
0217,wireline
0324,wireline
0403,voip
116E,voip
167F,voip
179E,voip
198H,voip
2191,wireline
4009,voip
464H,voip
4796,voip
5620,voip
581D,wireline
713G,voip
728K,voip
729J,voip
811H,voip
844F,voip
851A,voip
8606,voip
8629,voip
875F,voip
8980,voip
9785,wireline
0036,wireline
0037,wireline
0038,wireline
0043,wireline
0053,wireline
0062,wireline
0068,wireline
0076,wireline
0085,wireline
0095,wireline
0097,wireline
0145,wireline
0148,voip
0171,wireline
0177,wireline
0178,wireline
0189,wireline
0195,wireline
0197,wireline
0200,wireline
0210,wireline
0215,wireline
0216,wireline
0220,wireline
0236,wireline
0239,wireline
0253,wireline
0256,wireline
0257,wireline
0258,wireline
0285,wireline
0307,wireline
0316,wireline
032H,voip
0331,wireline
0392,wireline
0417,wireline
0428,wireline
0451,wireline
0456,wireline
0461,wireline
0462,wireline
0467,wireline
0469,wireline
0478,wireline
0494,wireline
0498,wireline
0500,wireline
0532,wireline
0586,wireline
0588,wireline
0591,wireline
0598,wireline
0609,wireline
0612,wireline
0614,wireline
0618,wireline
0619,wireline
0625,wireline
0633,wireline
0634,wireline
0639,wireline
0651,wireline
0654,wireline
0656,wireline
0663,wireline
0664,wireline
0678,wireline
067J,voip
0692,wireline
0694,wireline
0708,wireline
0728,wireline
0734,wireline
0742,wireline
0756,wireline
0771,wireline
0783,wireline
0790,wireline
0792,wireline
0796,wireline
0826,wireline
0827,wireline
0828,wireline
0829,wireline
0834,wireline
0839,wireline
0847,wireline
0848,wireline
0855,wireline
0872,wireline
0892,wireline
0898,wireline
0916,wireline
0946,wireline
0949,wireline
094B,voip
0953,wireline
0967,wireline
0980,wireline
0990,wireline
0993,wireline
0999,voip
1004,wireline
1012,wireline
1017,wireline
1020,wireline
1021,wireline
1023,wireline
1032,wireline
1041,wireline
1045,wireline
1046,wireline
1048,wireline
1060,wireline
1062,wireline
1066,wireline
1075,wireline
1079,wireline
1080,wireline
1086,wireline
1087,wireline
1092,wireline
1097,wireline
1101,wireline
1107,wireline
1108,wireline
1110,wireline
1113,wireline
1119,wireline
1121,wireline
1130,wireline
1141,wireline
1146,wireline
1147,wireline
1150,wireline
1153,wireline
1158,wireline
1166,wireline
1169,wireline
1171,wireline
1175,wireline
1176,wireline
1179,wireline
1191,wireline
1192,wireline
1199,wireline
1202,wireline
1203,wireline
1212,wireline
1214,wireline
1222,wireline
1228,wireline
1231,wireline
1232,wireline
1238,wireline
1241,wireline
1242,wireline
1245,wireline
1252,wireline
1257,wireline
1263,wireline
1265,wireline
1266,wireline
1269,wireline
1270,wireline
1273,wireline
1274,wireline
1275,wireline
1278,wireline
1280,wireline
1283,wireline
1302,wireline
1305,wireline
1306,wireline
1307,wireline
1308,wireline
1309,wireline
130A,voip
1316,wireline
1320,wireline
1322,wireline
1329,wireline
1336,wireline
1342,wireline
1343,wireline
1348,wireline
1353,wireline
1365,wireline
136J,voip
1372,wireline
1381,wireline
1387,wireline
1399,wireline
1403,wireline
1419,wireline
1422,wireline
1423,wireline
1425,wireline
1448,wireline
1474,wireline
1476,wireline
1487,wireline
1494,wireline
1499,wireline
1500,wireline
1508,wireline
1512,wireline
1515,wireline
1518,wireline
1534,wireline
1558,wireline
1561,wireline
1590,wireline
1649,wireline
1653,wireline
1666,wireline
1667,wireline
1671,wireline
168F,voip
1699,wireline
1758,wireline
1799,voip
1809,wireline
1814,wireline
1852,wireline
1854,voip
1860,wireline
1876,wireline
1920,wireline
1935,wireline
1936,wireline
193H,voip
1968,wireline
2008,wireline
2029,wireline
2034,wireline
2038,wireline
205M,voip
2069,wireline
206M,voip
2073,wireline
2104,wireline
2117,wireline
2150,wireline
2169,wireline
2178,wireline
2188,wireline
2192,wireline
2194,wireline
2195,wireline
2198,wireline
2201,wireline
2202,wireline
2206,wireline
2210,wireline
2241,wireline
2279,wireline
2289,wireline
2318,wireline
2323,wireline
2350,voip
2359,wireline
2363,wireline
2364,wireline
2369,wireline
2373,wireline
2375,wireline
2377,wireline
2378,wireline
237F,voip
2384,wireline
2385,wireline
2386,wireline
2387,wireline
2388,wireline
2391,wireline
2396,wireline
2397,wireline
239E,voip
2417,wireline
2419,wireline
2426,wireline
2447,wireline
2589,voip
2680,voip
272H,voip
274E,voip
287H,voip
3005,wireline
3007,wireline
3026,wireline
3031,wireline
3032,wireline
3057,voip
3083,voip
3097,voip
327A,voip
3356,voip
337J,voip
3390,voip
351F,voip
359G,voip
361F,voip
370F,wireless
3796,voip
379J,wireless
3804,wireless
3910,voip
3959,voip
4029,voip
4048,voip
4069,voip
4115,voip
4140,voip
420C,voip
4414,wireline
441F,wireless
458L,voip
4620,voip
4624,voip
4635,wireless
4697,voip
486J,voip
494G,voip
4980,voip
5221,wireless
5417,wireless
555G,voip
5566,voip
566D,voip
5736,wireless
593F,wireless
599E,voip
6013,wireless
6019,wireless
6023,wireless
615H,wireless
6169,voip
6181,wireless
624E,voip
625H,voip
634H,voip
6595,wireless
6596,wireless
6700,wireless
6749,wireless
6753,wireless
6769,wireless
6789,wireless
6792,wireless
682C,voip
6841,wireless
6842,wireless
685J,voip
685L,voip
6873,wireless
6877,wireless
6914,wireless
6915,wireless
6925,wireless
6938,wireless
7340,voip
746G,voip
7533,voip
754H,voip
758D,wireline
7747,voip
775D,wireless
8140,voip
815E,wireless
816D,voip
816E,voip
8208,wireline
8212,wireline
8219,wireline
8220,wireline
8223,wireline
8230,wireline
8232,wireline
8233,wireline
8235,wireline
8241,wireline
8244,wireline
826C,voip
8355,voip
8356,voip
858J,voip
859D,voip
859H,voip
8605,wireless
8708,voip
872A,voip
8812,voip
892C,voip
9001,voip
9129,voip
915K,voip
949K,voip
957H,voip
960K,voip
968D,voip
9732,wireless
975D,voip
9769,voip
989C,wireline
989E,voip
0030,voip
0116,wireline
0365,wireline
050A,voip
0604,wireline
0645,wireline
066G,voip
0679,wireline
0683,wireline
0735,wireline
0851,wireline
0865,wireline
0884,wireline
0912,wireline
0958,wireline
1134,wireline
1136,wireline
1250,wireline
1277,wireline
1294,wireline
1383,wireline
1556,wireline
1559,wireline
168G,voip
1756,wireline
2065,wireline
2174,wireline
2197,wireline
2335,voip
2410,wireline
2442,wireline
2630,voip
271E,voip
363J,voip
364E,voip
385L,voip
420F,voip
4536,voip
542D,wireline
5511,voip
571J,voip
584J,voip
6286,wireless
695E,voip
829C,voip
857G,voip
0031,wireline
0050,wireline
0113,wireline
0533,wireline
0541,wireline
0585,wireline
0720,wireline
0750,wireline
0849,wireline
0850,wireline
0856,wireline
0959,wireline
1188,wireline
148J,voip
1582,wireline
1592,wireline
1791,wireline
194H,voip
208H,voip
236F,voip
2514,voip
2681,voip
3313,wireline
4123,voip
433H,wireless
4418,wireline
4437,wireline
4601,voip
4609,wireless
460H,voip
469J,voip
4792,voip
572G,voip
5840,voip
5852,voip
599H,voip
7056,voip
734E,voip
735B,voip
763H,voip
807C,voip
812C,voip
814J,voip
818E,voip
827C,voip
835C,voip
901G,wireless
906E,voip
919A,voip
935G,voip
9809,voip
0005,wireline
0114,wireline
0206,wireline
0412,wireline
0566,wireline
0613,wireline
0662,wireline
0737,wireline
0777,wireline
0778,wireline
078J,wireless
0998,wireline
103F,voip
302F,voip
312C,voip
3706,voip
398H,voip
410H,voip
419C,voip
606F,voip
726H,voip
7692,voip
830G,voip
836G,voip
863D,voip
868G,voip
907J,voip
938D,voip
9590,voip
973H,wireless
973K,voip
986H,voip
9900,voip
022J,voip
0816,wireline
0837,wireline
0875,wireline
0877,wireline
0925,wireline
143J,voip
1507,wireline
1565,wireline
169E,voip
205H,voip
3321,wireline
506E,voip
5844,voip
704D,voip
705H,voip
853E,voip
854D,voip
861F,voip
872K,voip
9073,voip
9303,voip
947E,voip
953H,voip
9764,voip
9814,wireless
996J,voip
008A,wireline
0449,wireline
0535,wireline
0714,wireline
0788,wireline
083J,voip
0935,voip
103G,voip
110G,voip
125J,voip
143H,voip
1488,voip
210F,voip
279H,voip
3052,voip
311D,voip
348D,voip
351H,voip
383D,voip
396H,voip
474J,voip
4793,voip
4959,voip
538H,voip
5982,voip
659H,voip
782G,voip
799G,voip
821C,voip
825D,wireless
860E,voip
921G,voip
063J,voip
068H,voip
0725,wireline
0801,wireline
162J,voip
1720,wireline
187K,voip
211C,voip
305H,voip
330E,voip
356D,voip
380H,voip
4032,voip
4125,voip
438H,voip
4772,voip
527G,voip
583E,voip
631H,voip
661H,voip
690H,voip
706G,voip
720H,voip
731H,voip
779B,voip
795D,voip
815C,voip
836C,voip
861C,voip
9557,voip
0857,wireline
095J,wireless
127J,voip
181H,voip
2207,wireline
229C,voip
248J,voip
3638,voip
395H,voip
423J,voip
4552,voip
4773,voip
4774,voip
483H,voip
517J,voip
567G,voip
649D,voip
650C,wireless
7316,voip
736B,voip
7442,voip
819H,voip
820C,voip
834C,voip
849E,voip
858D,voip
8758,voip
8790,voip
8964,voip
975G,voip
019J,voip
021J,voip
022H,wireless
0334,voip
094G,voip
105D,voip
127G,wireline
159H,voip
1798,wireless
204H,voip
212A,voip
2474,voip
2557,voip
3044,voip
392F,voip
444H,voip
447H,voip
4718,voip
514G,voip
519H,voip
529H,voip
580D,wireline
642H,wireless
645H,voip
656H,voip
681A,voip
704C,voip
716F,voip
729H,voip
7344,voip
738H,voip
744E,voip
745G,voip
8281,voip
841F,wireless
849C,voip
856H,voip
8632,voip
864F,wireline
881B,voip
911E,voip
9475,wireless
951F,voip
958H,voip
9658,voip
969J,voip
9758,voip
006E,voip
007J,voip
0155,voip
024L,wireline
030J,voip
047L,voip
058J,voip
065J,voip
071J,voip
075G,voip
100J,voip
169D,wireline
184J,voip
198D,wireline
200B,voip
206D,wireline
213H,voip
218G,voip
257H,voip
312G,voip
343H,voip
345J,voip
366J,voip
376J,voip
411H,voip
427H,voip
429K,voip
467J,voip
473E,voip
474F,voip
487K,voip
503H,voip
507H,voip
513G,voip
518J,voip
548J,voip
554A,voip
5869,voip
646G,voip
668J,voip
676A,voip
691H,voip
716G,voip
718F,wireline
749H,voip
752E,voip
753H,voip
761H,voip
764H,voip
765B,wireless
794K,voip
805E,voip
808C,voip
8286,voip
828F,wireless
8357,voip
844H,voip
845C,voip
867A,voip
8685,voip
879H,voip
896J,voip
908A,voip
942B,voip
948G,voip
948H,voip
967F,voip
971D,voip
985F,voip
8087,wireline,Bell Aliant
